Method,Name,Error,Occurrences
GET,/wrk2-api/user-timeline/read?user_id=473&start=30&stop=40,CatchResponseError('Got status code 500'),1
GET,/wrk2-api/user-timeline/read?user_id=711&start=18&stop=28,CatchResponseError('Got status code 500'),1
GET,/wrk2-api/user-timeline/read?user_id=529&start=42&stop=52,CatchResponseError('Got status code 500'),1
GET,/wrk2-api/user-timeline/read?user_id=475&start=17&stop=27,CatchResponseError('Got status code 500'),1
GET,/wrk2-api/user-timeline/read?user_id=316&start=12&stop=22,CatchResponseError('Got status code 500'),1
GET,/wrk2-api/user-timeline/read?user_id=468&start=38&stop=48,CatchResponseError('Got status code 500'),1
GET,/wrk2-api/user-timeline/read?user_id=68&start=1&stop=11,CatchResponseError('Got status code 500'),1
GET,/wrk2-api/user-timeline/read?user_id=124&start=9&stop=19,CatchResponseError('Got status code 500'),1
GET,/wrk2-api/user-timeline/read?user_id=87&start=41&stop=51,CatchResponseError('Got status code 500'),1
GET,/wrk2-api/user-timeline/read?user_id=32&start=31&stop=41,CatchResponseError('Got status code 500'),1
GET,/wrk2-api/user-timeline/read?user_id=442&start=30&stop=40,CatchResponseError('Got status code 500'),1
GET,/wrk2-api/user-timeline/read?user_id=866&start=37&stop=47,CatchResponseError('Got status code 500'),1
GET,/wrk2-api/user-timeline/read?user_id=822&start=5&stop=15,CatchResponseError('Got status code 500'),1
GET,/wrk2-api/user-timeline/read?user_id=536&start=37&stop=47,CatchResponseError('Got status code 500'),1
GET,/wrk2-api/user-timeline/read?user_id=630&start=14&stop=24,CatchResponseError('Got status code 500'),1
GET,/wrk2-api/user-timeline/read?user_id=890&start=12&stop=22,CatchResponseError('Got status code 500'),1
GET,/wrk2-api/user-timeline/read?user_id=478&start=53&stop=63,CatchResponseError('Got status code 500'),1
GET,/wrk2-api/user-timeline/read?user_id=294&start=29&stop=39,CatchResponseError('Got status code 500'),1
GET,/wrk2-api/user-timeline/read?user_id=617&start=33&stop=43,CatchResponseError('Got status code 500'),1
GET,/wrk2-api/user-timeline/read?user_id=718&start=0&stop=10,CatchResponseError('Got status code 500'),1
GET,/wrk2-api/user-timeline/read?user_id=582&start=8&stop=18,CatchResponseError('Got status code 500'),1
GET,/wrk2-api/user-timeline/read?user_id=918&start=3&stop=13,CatchResponseError('Got status code 500'),1
GET,/wrk2-api/user-timeline/read?user_id=226&start=16&stop=26,CatchResponseError('Got status code 500'),1
GET,/wrk2-api/user-timeline/read?user_id=330&start=40&stop=50,CatchResponseError('Got status code 500'),1
GET,/wrk2-api/user-timeline/read?user_id=215&start=44&stop=54,CatchResponseError('Got status code 500'),1
GET,/wrk2-api/user-timeline/read?user_id=689&start=33&stop=43,CatchResponseError('Got status code 500'),1
GET,/wrk2-api/user-timeline/read?user_id=185&start=19&stop=29,CatchResponseError('Got status code 500'),1
GET,/wrk2-api/user-timeline/read?user_id=385&start=50&stop=60,CatchResponseError('Got status code 500'),1
GET,/wrk2-api/user-timeline/read?user_id=45&start=30&stop=40,CatchResponseError('Got status code 500'),1
GET,/wrk2-api/user-timeline/read?user_id=647&start=27&stop=37,CatchResponseError('Got status code 500'),1
GET,/wrk2-api/user-timeline/read?user_id=575&start=52&stop=62,CatchResponseError('Got status code 500'),1
GET,/wrk2-api/user-timeline/read?user_id=569&start=11&stop=21,CatchResponseError('Got status code 500'),1
GET,/wrk2-api/user-timeline/read?user_id=960&start=5&stop=15,CatchResponseError('Got status code 500'),1
GET,/wrk2-api/user-timeline/read?user_id=958&start=28&stop=38,CatchResponseError('Got status code 500'),1
GET,/wrk2-api/user-timeline/read?user_id=493&start=30&stop=40,CatchResponseError('Got status code 500'),1
GET,/wrk2-api/user-timeline/read?user_id=672&start=41&stop=51,CatchResponseError('Got status code 500'),1
GET,/wrk2-api/user-timeline/read?user_id=24&start=42&stop=52,CatchResponseError('Got status code 500'),1
GET,/wrk2-api/user-timeline/read?user_id=307&start=22&stop=32,CatchResponseError('Got status code 500'),1
GET,/wrk2-api/user-timeline/read?user_id=704&start=24&stop=34,CatchResponseError('Got status code 500'),1
GET,/wrk2-api/user-timeline/read?user_id=525&start=6&stop=16,CatchResponseError('Got status code 500'),1
GET,/wrk2-api/user-timeline/read?user_id=450&start=26&stop=36,CatchResponseError('Got status code 500'),1
GET,/wrk2-api/user-timeline/read?user_id=626&start=23&stop=33,CatchResponseError('Got status code 500'),1
GET,/wrk2-api/user-timeline/read?user_id=43&start=39&stop=49,CatchResponseError('Got status code 500'),1
GET,/wrk2-api/user-timeline/read?user_id=197&start=17&stop=27,CatchResponseError('Got status code 500'),1
GET,/wrk2-api/user-timeline/read?user_id=520&start=10&stop=20,CatchResponseError('Got status code 500'),1
GET,/wrk2-api/user-timeline/read?user_id=934&start=12&stop=22,CatchResponseError('Got status code 500'),1
GET,/wrk2-api/user-timeline/read?user_id=621&start=54&stop=64,CatchResponseError('Got status code 500'),1
GET,/wrk2-api/user-timeline/read?user_id=165&start=10&stop=20,CatchResponseError('Got status code 500'),1
GET,/wrk2-api/user-timeline/read?user_id=863&start=11&stop=21,CatchResponseError('Got status code 500'),1
GET,/wrk2-api/user-timeline/read?user_id=42&start=66&stop=76,CatchResponseError('Got status code 500'),1
GET,/wrk2-api/user-timeline/read?user_id=449&start=48&stop=58,CatchResponseError('Got status code 500'),1
GET,/wrk2-api/user-timeline/read?user_id=67&start=37&stop=47,CatchResponseError('Got status code 500'),1
GET,/wrk2-api/user-timeline/read?user_id=732&start=22&stop=32,CatchResponseError('Got status code 500'),1
GET,/wrk2-api/user-timeline/read?user_id=630&start=16&stop=26,CatchResponseError('Got status code 500'),1
GET,/wrk2-api/user-timeline/read?user_id=12&start=6&stop=16,CatchResponseError('Got status code 500'),1
GET,/wrk2-api/user-timeline/read?user_id=936&start=31&stop=41,CatchResponseError('Got status code 500'),1
GET,/wrk2-api/user-timeline/read?user_id=248&start=23&stop=33,CatchResponseError('Got status code 500'),1
GET,/wrk2-api/user-timeline/read?user_id=391&start=49&stop=59,CatchResponseError('Got status code 500'),1
GET,/wrk2-api/user-timeline/read?user_id=61&start=44&stop=54,CatchResponseError('Got status code 500'),1
GET,/wrk2-api/user-timeline/read?user_id=832&start=45&stop=55,CatchResponseError('Got status code 500'),1
GET,/wrk2-api/user-timeline/read?user_id=448&start=2&stop=12,CatchResponseError('Got status code 500'),1
GET,/wrk2-api/user-timeline/read?user_id=715&start=51&stop=61,CatchResponseError('Got status code 500'),1
GET,/wrk2-api/user-timeline/read?user_id=849&start=12&stop=22,CatchResponseError('Got status code 500'),1
GET,/wrk2-api/user-timeline/read?user_id=52&start=40&stop=50,CatchResponseError('Got status code 500'),1
GET,/wrk2-api/user-timeline/read?user_id=98&start=15&stop=25,CatchResponseError('Got status code 500'),1
GET,/wrk2-api/user-timeline/read?user_id=152&start=0&stop=10,CatchResponseError('Got status code 500'),1
GET,/wrk2-api/user-timeline/read?user_id=71&start=42&stop=52,CatchResponseError('Got status code 500'),1
GET,/wrk2-api/user-timeline/read?user_id=59&start=22&stop=32,CatchResponseError('Got status code 500'),1
GET,/wrk2-api/user-timeline/read?user_id=817&start=14&stop=24,CatchResponseError('Got status code 500'),1
GET,/wrk2-api/user-timeline/read?user_id=494&start=5&stop=15,CatchResponseError('Got status code 500'),1
GET,/wrk2-api/user-timeline/read?user_id=105&start=56&stop=66,CatchResponseError('Got status code 500'),1
GET,/wrk2-api/user-timeline/read?user_id=545&start=2&stop=12,CatchResponseError('Got status code 500'),1
GET,/wrk2-api/user-timeline/read?user_id=772&start=52&stop=62,CatchResponseError('Got status code 500'),1
GET,/wrk2-api/user-timeline/read?user_id=870&start=14&stop=24,CatchResponseError('Got status code 500'),1
GET,/wrk2-api/user-timeline/read?user_id=70&start=20&stop=30,CatchResponseError('Got status code 500'),1
GET,/wrk2-api/user-timeline/read?user_id=312&start=17&stop=27,CatchResponseError('Got status code 500'),1
GET,/wrk2-api/user-timeline/read?user_id=608&start=39&stop=49,CatchResponseError('Got status code 500'),1
GET,/wrk2-api/user-timeline/read?user_id=361&start=24&stop=34,CatchResponseError('Got status code 500'),1
GET,/wrk2-api/user-timeline/read?user_id=625&start=52&stop=62,CatchResponseError('Got status code 500'),1
GET,/wrk2-api/user-timeline/read?user_id=668&start=7&stop=17,CatchResponseError('Got status code 500'),1
GET,/wrk2-api/user-timeline/read?user_id=917&start=46&stop=56,CatchResponseError('Got status code 500'),1
GET,/wrk2-api/user-timeline/read?user_id=832&start=3&stop=13,CatchResponseError('Got status code 500'),1
GET,/wrk2-api/user-timeline/read?user_id=402&start=13&stop=23,CatchResponseError('Got status code 500'),1
GET,/wrk2-api/user-timeline/read?user_id=572&start=2&stop=12,CatchResponseError('Got status code 500'),1
GET,/wrk2-api/user-timeline/read?user_id=381&start=23&stop=33,CatchResponseError('Got status code 500'),1
GET,/wrk2-api/user-timeline/read?user_id=119&start=5&stop=15,CatchResponseError('Got status code 500'),1
GET,/wrk2-api/user-timeline/read?user_id=767&start=29&stop=39,CatchResponseError('Got status code 500'),1
GET,/wrk2-api/user-timeline/read?user_id=403&start=7&stop=17,CatchResponseError('Got status code 500'),1
GET,/wrk2-api/user-timeline/read?user_id=669&start=4&stop=14,CatchResponseError('Got status code 500'),1
GET,/wrk2-api/user-timeline/read?user_id=201&start=20&stop=30,CatchResponseError('Got status code 500'),1
GET,/wrk2-api/user-timeline/read?user_id=588&start=26&stop=36,CatchResponseError('Got status code 500'),1
GET,/wrk2-api/user-timeline/read?user_id=742&start=42&stop=52,CatchResponseError('Got status code 500'),1
GET,/wrk2-api/user-timeline/read?user_id=907&start=3&stop=13,CatchResponseError('Got status code 500'),1
GET,/wrk2-api/user-timeline/read?user_id=209&start=39&stop=49,CatchResponseError('Got status code 500'),1
GET,/wrk2-api/user-timeline/read?user_id=288&start=27&stop=37,CatchResponseError('Got status code 500'),1
GET,/wrk2-api/user-timeline/read?user_id=669&start=1&stop=11,CatchResponseError('Got status code 500'),1
GET,/wrk2-api/user-timeline/read?user_id=882&start=44&stop=54,CatchResponseError('Got status code 500'),1
GET,/wrk2-api/user-timeline/read?user_id=391&start=39&stop=49,CatchResponseError('Got status code 500'),1
GET,/wrk2-api/user-timeline/read?user_id=21&start=47&stop=57,CatchResponseError('Got status code 500'),1
GET,/wrk2-api/user-timeline/read?user_id=588&start=11&stop=21,CatchResponseError('Got status code 500'),1
GET,/wrk2-api/user-timeline/read?user_id=514&start=41&stop=51,CatchResponseError('Got status code 500'),1
GET,/wrk2-api/user-timeline/read?user_id=263&start=18&stop=28,CatchResponseError('Got status code 500'),1
GET,/wrk2-api/user-timeline/read?user_id=482&start=16&stop=26,CatchResponseError('Got status code 500'),1
GET,/wrk2-api/user-timeline/read?user_id=605&start=1&stop=11,CatchResponseError('Got status code 500'),1
GET,/wrk2-api/user-timeline/read?user_id=594&start=25&stop=35,CatchResponseError('Got status code 500'),1
GET,/wrk2-api/user-timeline/read?user_id=350&start=35&stop=45,CatchResponseError('Got status code 500'),1
GET,/wrk2-api/user-timeline/read?user_id=940&start=26&stop=36,CatchResponseError('Got status code 500'),1
GET,/wrk2-api/user-timeline/read?user_id=433&start=8&stop=18,CatchResponseError('Got status code 500'),1
GET,/wrk2-api/user-timeline/read?user_id=793&start=19&stop=29,CatchResponseError('Got status code 500'),1
GET,/wrk2-api/user-timeline/read?user_id=265&start=50&stop=60,CatchResponseError('Got status code 500'),1
GET,/wrk2-api/user-timeline/read?user_id=531&start=24&stop=34,CatchResponseError('Got status code 500'),1
GET,/wrk2-api/user-timeline/read?user_id=139&start=46&stop=56,CatchResponseError('Got status code 500'),1
GET,/wrk2-api/user-timeline/read?user_id=762&start=15&stop=25,CatchResponseError('Got status code 500'),1
GET,/wrk2-api/user-timeline/read?user_id=871&start=48&stop=58,CatchResponseError('Got status code 500'),1
GET,/wrk2-api/user-timeline/read?user_id=583&start=12&stop=22,CatchResponseError('Got status code 500'),1
GET,/wrk2-api/user-timeline/read?user_id=194&start=31&stop=41,CatchResponseError('Got status code 500'),1
GET,/wrk2-api/user-timeline/read?user_id=744&start=36&stop=46,CatchResponseError('Got status code 500'),1
GET,/wrk2-api/user-timeline/read?user_id=461&start=24&stop=34,CatchResponseError('Got status code 500'),1
GET,/wrk2-api/user-timeline/read?user_id=474&start=19&stop=29,CatchResponseError('Got status code 500'),1
GET,/wrk2-api/user-timeline/read?user_id=151&start=41&stop=51,CatchResponseError('Got status code 500'),1
GET,/wrk2-api/user-timeline/read?user_id=838&start=5&stop=15,CatchResponseError('Got status code 500'),1
GET,/wrk2-api/user-timeline/read?user_id=710&start=31&stop=41,CatchResponseError('Got status code 500'),1
GET,/wrk2-api/user-timeline/read?user_id=884&start=19&stop=29,CatchResponseError('Got status code 500'),1
GET,/wrk2-api/user-timeline/read?user_id=643&start=11&stop=21,CatchResponseError('Got status code 500'),1
GET,/wrk2-api/user-timeline/read?user_id=200&start=51&stop=61,CatchResponseError('Got status code 500'),1
GET,/wrk2-api/user-timeline/read?user_id=911&start=21&stop=31,CatchResponseError('Got status code 500'),1
GET,/wrk2-api/user-timeline/read?user_id=412&start=52&stop=62,CatchResponseError('Got status code 500'),1
GET,/wrk2-api/user-timeline/read?user_id=355&start=0&stop=10,CatchResponseError('Got status code 500'),1
GET,/wrk2-api/user-timeline/read?user_id=382&start=24&stop=34,CatchResponseError('Got status code 500'),1
GET,/wrk2-api/user-timeline/read?user_id=768&start=42&stop=52,CatchResponseError('Got status code 500'),1
GET,/wrk2-api/user-timeline/read?user_id=335&start=55&stop=65,CatchResponseError('Got status code 500'),1
GET,/wrk2-api/user-timeline/read?user_id=392&start=34&stop=44,CatchResponseError('Got status code 500'),1
GET,/wrk2-api/user-timeline/read?user_id=274&start=15&stop=25,CatchResponseError('Got status code 500'),1
GET,/wrk2-api/user-timeline/read?user_id=253&start=1&stop=11,CatchResponseError('Got status code 500'),1
GET,/wrk2-api/user-timeline/read?user_id=725&start=28&stop=38,CatchResponseError('Got status code 500'),1
GET,/wrk2-api/user-timeline/read?user_id=34&start=49&stop=59,CatchResponseError('Got status code 500'),1
GET,/wrk2-api/user-timeline/read?user_id=196&start=6&stop=16,CatchResponseError('Got status code 500'),1
GET,/wrk2-api/user-timeline/read?user_id=25&start=16&stop=26,CatchResponseError('Got status code 500'),1
GET,/wrk2-api/user-timeline/read?user_id=620&start=37&stop=47,CatchResponseError('Got status code 500'),1
GET,/wrk2-api/user-timeline/read?user_id=303&start=47&stop=57,CatchResponseError('Got status code 500'),1
GET,/wrk2-api/user-timeline/read?user_id=532&start=26&stop=36,CatchResponseError('Got status code 500'),1
GET,/wrk2-api/user-timeline/read?user_id=686&start=8&stop=18,CatchResponseError('Got status code 500'),1
GET,/wrk2-api/user-timeline/read?user_id=729&start=24&stop=34,CatchResponseError('Got status code 500'),1
GET,/wrk2-api/user-timeline/read?user_id=301&start=34&stop=44,CatchResponseError('Got status code 500'),1
GET,/wrk2-api/user-timeline/read?user_id=515&start=36&stop=46,CatchResponseError('Got status code 500'),1
GET,/wrk2-api/user-timeline/read?user_id=94&start=62&stop=72,CatchResponseError('Got status code 500'),1
GET,/wrk2-api/user-timeline/read?user_id=584&start=25&stop=35,CatchResponseError('Got status code 500'),1
GET,/wrk2-api/user-timeline/read?user_id=225&start=9&stop=19,CatchResponseError('Got status code 500'),1
GET,/wrk2-api/user-timeline/read?user_id=832&start=25&stop=35,CatchResponseError('Got status code 500'),1
GET,/wrk2-api/user-timeline/read?user_id=370&start=9&stop=19,CatchResponseError('Got status code 500'),1
GET,/wrk2-api/user-timeline/read?user_id=525&start=15&stop=25,CatchResponseError('Got status code 500'),1
GET,/wrk2-api/user-timeline/read?user_id=685&start=22&stop=32,CatchResponseError('Got status code 500'),1
GET,/wrk2-api/user-timeline/read?user_id=314&start=38&stop=48,CatchResponseError('Got status code 500'),1
GET,/wrk2-api/user-timeline/read?user_id=630&start=49&stop=59,CatchResponseError('Got status code 500'),1
GET,/wrk2-api/user-timeline/read?user_id=249&start=27&stop=37,CatchResponseError('Got status code 500'),1
GET,/wrk2-api/user-timeline/read?user_id=28&start=33&stop=43,CatchResponseError('Got status code 500'),1
GET,/wrk2-api/user-timeline/read?user_id=48&start=36&stop=46,CatchResponseError('Got status code 500'),1
GET,/wrk2-api/user-timeline/read?user_id=894&start=54&stop=64,CatchResponseError('Got status code 500'),1
GET,/wrk2-api/user-timeline/read?user_id=229&start=4&stop=14,CatchResponseError('Got status code 500'),1
GET,/wrk2-api/user-timeline/read?user_id=344&start=22&stop=32,CatchResponseError('Got status code 500'),1
GET,/wrk2-api/user-timeline/read?user_id=523&start=4&stop=14,CatchResponseError('Got status code 500'),1
GET,/wrk2-api/user-timeline/read?user_id=767&start=38&stop=48,CatchResponseError('Got status code 500'),1
GET,/wrk2-api/user-timeline/read?user_id=25&start=35&stop=45,CatchResponseError('Got status code 500'),1
GET,/wrk2-api/user-timeline/read?user_id=112&start=26&stop=36,CatchResponseError('Got status code 500'),1
GET,/wrk2-api/user-timeline/read?user_id=459&start=40&stop=50,CatchResponseError('Got status code 500'),1
GET,/wrk2-api/user-timeline/read?user_id=398&start=19&stop=29,CatchResponseError('Got status code 500'),1
GET,/wrk2-api/user-timeline/read?user_id=222&start=49&stop=59,CatchResponseError('Got status code 500'),1
GET,/wrk2-api/user-timeline/read?user_id=919&start=55&stop=65,CatchResponseError('Got status code 500'),1
GET,/wrk2-api/user-timeline/read?user_id=601&start=6&stop=16,CatchResponseError('Got status code 500'),1
GET,/wrk2-api/user-timeline/read?user_id=744&start=35&stop=45,CatchResponseError('Got status code 500'),1
GET,/wrk2-api/user-timeline/read?user_id=494&start=18&stop=28,CatchResponseError('Got status code 500'),1
GET,/wrk2-api/user-timeline/read?user_id=663&start=34&stop=44,CatchResponseError('Got status code 500'),1
GET,/wrk2-api/user-timeline/read?user_id=449&start=30&stop=40,CatchResponseError('Got status code 500'),1
GET,/wrk2-api/user-timeline/read?user_id=590&start=40&stop=50,CatchResponseError('Got status code 500'),1
GET,/wrk2-api/user-timeline/read?user_id=267&start=31&stop=41,CatchResponseError('Got status code 500'),1
GET,/wrk2-api/user-timeline/read?user_id=202&start=53&stop=63,CatchResponseError('Got status code 500'),1
GET,/wrk2-api/user-timeline/read?user_id=783&start=7&stop=17,CatchResponseError('Got status code 500'),1
GET,/wrk2-api/user-timeline/read?user_id=756&start=18&stop=28,CatchResponseError('Got status code 500'),1
GET,/wrk2-api/user-timeline/read?user_id=500&start=25&stop=35,CatchResponseError('Got status code 500'),1
GET,/wrk2-api/user-timeline/read?user_id=634&start=32&stop=42,CatchResponseError('Got status code 500'),1
GET,/wrk2-api/user-timeline/read?user_id=199&start=27&stop=37,CatchResponseError('Got status code 500'),1
GET,/wrk2-api/user-timeline/read?user_id=208&start=33&stop=43,CatchResponseError('Got status code 500'),1
GET,/wrk2-api/user-timeline/read?user_id=133&start=48&stop=58,CatchResponseError('Got status code 500'),1
GET,/wrk2-api/user-timeline/read?user_id=116&start=27&stop=37,CatchResponseError('Got status code 500'),1
GET,/wrk2-api/user-timeline/read?user_id=919&start=14&stop=24,CatchResponseError('Got status code 500'),1
GET,/wrk2-api/user-timeline/read?user_id=250&start=19&stop=29,CatchResponseError('Got status code 500'),1
GET,/wrk2-api/user-timeline/read?user_id=767&start=47&stop=57,CatchResponseError('Got status code 500'),1
GET,/wrk2-api/user-timeline/read?user_id=752&start=19&stop=29,CatchResponseError('Got status code 500'),1
GET,/wrk2-api/user-timeline/read?user_id=752&start=11&stop=21,CatchResponseError('Got status code 500'),1
GET,/wrk2-api/user-timeline/read?user_id=848&start=16&stop=26,CatchResponseError('Got status code 500'),1
GET,/wrk2-api/user-timeline/read?user_id=598&start=45&stop=55,CatchResponseError('Got status code 500'),1
GET,/wrk2-api/user-timeline/read?user_id=413&start=4&stop=14,CatchResponseError('Got status code 500'),1
GET,/wrk2-api/user-timeline/read?user_id=572&start=19&stop=29,CatchResponseError('Got status code 500'),1
GET,/wrk2-api/user-timeline/read?user_id=852&start=36&stop=46,CatchResponseError('Got status code 500'),1
GET,/wrk2-api/user-timeline/read?user_id=591&start=56&stop=66,CatchResponseError('Got status code 500'),1
GET,/wrk2-api/user-timeline/read?user_id=381&start=30&stop=40,CatchResponseError('Got status code 500'),1
GET,/wrk2-api/user-timeline/read?user_id=142&start=2&stop=12,CatchResponseError('Got status code 500'),1
GET,/wrk2-api/user-timeline/read?user_id=713&start=33&stop=43,CatchResponseError('Got status code 500'),1
GET,/wrk2-api/user-timeline/read?user_id=513&start=51&stop=61,CatchResponseError('Got status code 500'),1
GET,/wrk2-api/user-timeline/read?user_id=444&start=2&stop=12,CatchResponseError('Got status code 500'),1
GET,/wrk2-api/user-timeline/read?user_id=84&start=45&stop=55,CatchResponseError('Got status code 500'),1
GET,/wrk2-api/user-timeline/read?user_id=169&start=35&stop=45,CatchResponseError('Got status code 500'),1
GET,/wrk2-api/user-timeline/read?user_id=413&start=26&stop=36,CatchResponseError('Got status code 500'),1
GET,/wrk2-api/user-timeline/read?user_id=942&start=18&stop=28,CatchResponseError('Got status code 500'),1
GET,/wrk2-api/user-timeline/read?user_id=821&start=5&stop=15,CatchResponseError('Got status code 500'),1
GET,/wrk2-api/user-timeline/read?user_id=67&start=47&stop=57,CatchResponseError('Got status code 500'),1
GET,/wrk2-api/user-timeline/read?user_id=441&start=12&stop=22,CatchResponseError('Got status code 500'),1
GET,/wrk2-api/user-timeline/read?user_id=795&start=2&stop=12,CatchResponseError('Got status code 500'),1
GET,/wrk2-api/user-timeline/read?user_id=141&start=37&stop=47,CatchResponseError('Got status code 500'),1
GET,/wrk2-api/user-timeline/read?user_id=64&start=15&stop=25,CatchResponseError('Got status code 500'),1
GET,/wrk2-api/user-timeline/read?user_id=168&start=26&stop=36,CatchResponseError('Got status code 500'),1
GET,/wrk2-api/user-timeline/read?user_id=459&start=49&stop=59,CatchResponseError('Got status code 500'),1
GET,/wrk2-api/user-timeline/read?user_id=400&start=25&stop=35,CatchResponseError('Got status code 500'),1
GET,/wrk2-api/user-timeline/read?user_id=667&start=38&stop=48,CatchResponseError('Got status code 500'),1
GET,/wrk2-api/user-timeline/read?user_id=796&start=2&stop=12,CatchResponseError('Got status code 500'),1
GET,/wrk2-api/user-timeline/read?user_id=407&start=8&stop=18,CatchResponseError('Got status code 500'),1
GET,/wrk2-api/user-timeline/read?user_id=745&start=17&stop=27,CatchResponseError('Got status code 500'),1
GET,/wrk2-api/user-timeline/read?user_id=39&start=43&stop=53,CatchResponseError('Got status code 500'),1
GET,/wrk2-api/user-timeline/read?user_id=239&start=31&stop=41,CatchResponseError('Got status code 500'),1
GET,/wrk2-api/user-timeline/read?user_id=296&start=31&stop=41,CatchResponseError('Got status code 500'),1
GET,/wrk2-api/user-timeline/read?user_id=847&start=30&stop=40,CatchResponseError('Got status code 500'),1
GET,/wrk2-api/user-timeline/read?user_id=908&start=39&stop=49,CatchResponseError('Got status code 500'),1
GET,/wrk2-api/user-timeline/read?user_id=348&start=21&stop=31,CatchResponseError('Got status code 500'),1
GET,/wrk2-api/user-timeline/read?user_id=666&start=8&stop=18,CatchResponseError('Got status code 500'),1
GET,/wrk2-api/user-timeline/read?user_id=327&start=26&stop=36,CatchResponseError('Got status code 500'),1
GET,/wrk2-api/user-timeline/read?user_id=486&start=38&stop=48,CatchResponseError('Got status code 500'),1
GET,/wrk2-api/user-timeline/read?user_id=738&start=1&stop=11,CatchResponseError('Got status code 500'),1
GET,/wrk2-api/user-timeline/read?user_id=259&start=21&stop=31,CatchResponseError('Got status code 500'),1
GET,/wrk2-api/user-timeline/read?user_id=719&start=35&stop=45,CatchResponseError('Got status code 500'),1
GET,/wrk2-api/user-timeline/read?user_id=691&start=26&stop=36,CatchResponseError('Got status code 500'),1
GET,/wrk2-api/user-timeline/read?user_id=289&start=44&stop=54,CatchResponseError('Got status code 500'),1
GET,/wrk2-api/user-timeline/read?user_id=793&start=58&stop=68,CatchResponseError('Got status code 500'),1
GET,/wrk2-api/user-timeline/read?user_id=127&start=10&stop=20,CatchResponseError('Got status code 500'),1
GET,/wrk2-api/user-timeline/read?user_id=555&start=19&stop=29,CatchResponseError('Got status code 500'),1
GET,/wrk2-api/user-timeline/read?user_id=129&start=11&stop=21,CatchResponseError('Got status code 500'),1
GET,/wrk2-api/user-timeline/read?user_id=144&start=39&stop=49,CatchResponseError('Got status code 500'),1
GET,/wrk2-api/user-timeline/read?user_id=437&start=39&stop=49,CatchResponseError('Got status code 500'),1
GET,/wrk2-api/user-timeline/read?user_id=349&start=28&stop=38,CatchResponseError('Got status code 500'),1
GET,/wrk2-api/user-timeline/read?user_id=754&start=34&stop=44,CatchResponseError('Got status code 500'),1
GET,/wrk2-api/user-timeline/read?user_id=158&start=37&stop=47,CatchResponseError('Got status code 500'),1
GET,/wrk2-api/user-timeline/read?user_id=824&start=24&stop=34,CatchResponseError('Got status code 500'),1
GET,/wrk2-api/user-timeline/read?user_id=787&start=4&stop=14,CatchResponseError('Got status code 500'),1
GET,/wrk2-api/user-timeline/read?user_id=114&start=47&stop=57,CatchResponseError('Got status code 500'),1
GET,/wrk2-api/user-timeline/read?user_id=299&start=37&stop=47,CatchResponseError('Got status code 500'),1
GET,/wrk2-api/user-timeline/read?user_id=834&start=39&stop=49,CatchResponseError('Got status code 500'),1
GET,/wrk2-api/user-timeline/read?user_id=755&start=30&stop=40,CatchResponseError('Got status code 500'),1
GET,/wrk2-api/user-timeline/read?user_id=34&start=32&stop=42,CatchResponseError('Got status code 500'),1
GET,/wrk2-api/user-timeline/read?user_id=293&start=22&stop=32,CatchResponseError('Got status code 500'),1
GET,/wrk2-api/user-timeline/read?user_id=573&start=30&stop=40,CatchResponseError('Got status code 500'),1
GET,/wrk2-api/user-timeline/read?user_id=249&start=16&stop=26,CatchResponseError('Got status code 500'),1
GET,/wrk2-api/user-timeline/read?user_id=308&start=7&stop=17,CatchResponseError('Got status code 500'),1
GET,/wrk2-api/user-timeline/read?user_id=468&start=9&stop=19,CatchResponseError('Got status code 500'),1
GET,/wrk2-api/user-timeline/read?user_id=906&start=29&stop=39,CatchResponseError('Got status code 500'),1
GET,/wrk2-api/user-timeline/read?user_id=631&start=18&stop=28,CatchResponseError('Got status code 500'),1
GET,/wrk2-api/user-timeline/read?user_id=175&start=2&stop=12,CatchResponseError('Got status code 500'),1
GET,/wrk2-api/user-timeline/read?user_id=170&start=34&stop=44,CatchResponseError('Got status code 500'),1
GET,/wrk2-api/user-timeline/read?user_id=337&start=12&stop=22,CatchResponseError('Got status code 500'),1
GET,/wrk2-api/user-timeline/read?user_id=111&start=7&stop=17,CatchResponseError('Got status code 500'),1
GET,/wrk2-api/user-timeline/read?user_id=394&start=10&stop=20,CatchResponseError('Got status code 500'),1
GET,/wrk2-api/user-timeline/read?user_id=631&start=44&stop=54,CatchResponseError('Got status code 500'),1
GET,/wrk2-api/user-timeline/read?user_id=13&start=12&stop=22,CatchResponseError('Got status code 500'),1
GET,/wrk2-api/user-timeline/read?user_id=182&start=41&stop=51,CatchResponseError('Got status code 500'),1
GET,/wrk2-api/user-timeline/read?user_id=738&start=37&stop=47,CatchResponseError('Got status code 500'),1
GET,/wrk2-api/user-timeline/read?user_id=333&start=29&stop=39,CatchResponseError('Got status code 500'),1
GET,/wrk2-api/user-timeline/read?user_id=846&start=3&stop=13,CatchResponseError('Got status code 500'),1
GET,/wrk2-api/user-timeline/read?user_id=548&start=52&stop=62,CatchResponseError('Got status code 500'),1
GET,/wrk2-api/user-timeline/read?user_id=777&start=4&stop=14,CatchResponseError('Got status code 500'),1
GET,/wrk2-api/user-timeline/read?user_id=808&start=43&stop=53,CatchResponseError('Got status code 500'),1
GET,/wrk2-api/user-timeline/read?user_id=273&start=24&stop=34,CatchResponseError('Got status code 500'),1
GET,/wrk2-api/user-timeline/read?user_id=329&start=0&stop=10,CatchResponseError('Got status code 500'),1
GET,/wrk2-api/user-timeline/read?user_id=782&start=48&stop=58,CatchResponseError('Got status code 500'),1
GET,/wrk2-api/user-timeline/read?user_id=339&start=45&stop=55,CatchResponseError('Got status code 500'),1
GET,/wrk2-api/user-timeline/read?user_id=341&start=9&stop=19,CatchResponseError('Got status code 500'),1
GET,/wrk2-api/user-timeline/read?user_id=779&start=43&stop=53,CatchResponseError('Got status code 500'),1
GET,/wrk2-api/user-timeline/read?user_id=842&start=8&stop=18,CatchResponseError('Got status code 500'),1
GET,/wrk2-api/user-timeline/read?user_id=530&start=30&stop=40,CatchResponseError('Got status code 500'),1
GET,/wrk2-api/user-timeline/read?user_id=562&start=6&stop=16,CatchResponseError('Got status code 500'),1
GET,/wrk2-api/user-timeline/read?user_id=864&start=19&stop=29,CatchResponseError('Got status code 500'),1
GET,/wrk2-api/user-timeline/read?user_id=795&start=40&stop=50,CatchResponseError('Got status code 500'),1
GET,/wrk2-api/user-timeline/read?user_id=921&start=2&stop=12,CatchResponseError('Got status code 500'),1
GET,/wrk2-api/user-timeline/read?user_id=175&start=29&stop=39,CatchResponseError('Got status code 500'),1
GET,/wrk2-api/user-timeline/read?user_id=843&start=21&stop=31,CatchResponseError('Got status code 500'),1
GET,/wrk2-api/user-timeline/read?user_id=105&start=10&stop=20,CatchResponseError('Got status code 500'),1
GET,/wrk2-api/user-timeline/read?user_id=268&start=35&stop=45,CatchResponseError('Got status code 500'),1
GET,/wrk2-api/user-timeline/read?user_id=832&start=48&stop=58,CatchResponseError('Got status code 500'),1
GET,/wrk2-api/user-timeline/read?user_id=905&start=21&stop=31,CatchResponseError('Got status code 500'),1
GET,/wrk2-api/user-timeline/read?user_id=820&start=5&stop=15,CatchResponseError('Got status code 500'),1
GET,/wrk2-api/user-timeline/read?user_id=703&start=14&stop=24,CatchResponseError('Got status code 500'),1
